{
    "processed_ATL03_20181210123712_11130108_003_01.h5": {
        "sea_level_func": {
            "gt1l": [
                -15.513042595223931,
                -577.6837778825661,
                -5325.996695870988
            ],
            "gt2l": [
                -10.934424532278967,
                -407.52982782575884,
                -3745.063262908625
            ],
            "gt2r": [
                -12.796367918703362,
                -477.3740423680363,
                -4400.0739058508225
            ],
            "gt3l": [
                25.131566790509158,
                940.9513286329319,
                8859.533193305246
            ],
            "gt3r": [
                6.476994406351639,
                243.02293771907526,
                2331.640801497526
            ]
        }
    }
}