{
    "processed_ATL03_20181210123712_11130108_003_01.h5": {
        "sea_level_func": {
            "gt1r": [
                19.475085504708574,
                728.6368727658958,
                6867.196023307906
            ],
            "gt2r": [
                -12.701812770445068,
                -473.83923269575354,
                -4367.038202115984
            ],
            "gt3r": [
                6.476994406351639,
                243.02293771907526,
                2331.640801497526
            ]
        }
    },
    "processed_ATL03_20190311081711_11130208_003_01.h5": {
        "sea_level_func": {
            "gt1l": [
                -8.61641856726433,
                -322.5598336447781,
                -2966.29579833008
            ],
            "gt2l": [
                -16.615977677195136,
                -621.2084924783837,
                -5753.605005838473
            ],
            "gt3l": [
                -18.540246740216006,
                -692.6733352842526,
                -6417.122957891673
            ]
        }
    },
    "processed_ATL03_20190610035647_11130308_003_01.h5": {
        "sea_level_func": {
            "gt1l": [
                5.2898782455777855,
                195.96105184478455,
                1866.6093288655582
            ],
            "gt2l": [
                -58.02723588471435,
                -2167.8936113841105,
                -20196.019703337144
            ],
            "gt3l": [
                -63.14129061813235,
                -2356.3853696464735,
                -21932.639760519767
            ]
        }
    },
    "processed_ATL03_20200308145611_11130608_003_01.h5": {
        "sea_level_func": {
            "gt1r": [
                -36.81697413593205,
                -1373.150908951444,
                -12751.128597689181
            ]
        }
    }
}