{
    "processed_ATL03_20181231050547_00420207_003_01.h5": {
        "sea_level_func": {
            "gt2l": [
                8.49154921958953,
                -446.4223344987164,
                5835.132428223193
            ],
            "gt3l": [
                -9.49972063401791,
                502.3993465829628,
                -6674.525485010947
            ]
        }
    },
    "processed_ATL03_20190401004539_00420307_003_01.h5": {
        "sea_level_func": {
            "gt1l": [
                -20.431548492076352,
                1079.8325298159891,
                -14299.473685861318
            ],
            "gt2l": [
                9.122054836858243,
                -478.8365165517384,
                6251.494716221172
            ],
            "gt3l": [
                -18.946459736648546,
                1002.1067337612346,
                -13282.68856367748
            ]
        }
    },
    "processed_ATL03_20190418114055_03090301_003_01.h5": {
        "sea_level_func": {
            "gt1l": [
                -5.1139196035464805,
                269.9040494826107,
                -3592.97698124016
            ],
            "gt2l": [
                -0.4835189065086254,
                26.102239657517206,
                -383.899144183119
            ],
            "gt3l": [
                -30.46201439984743,
                1607.6975935572768,
                -21244.296410664123
            ]
        }
    },
    "processed_ATL03_20200628030429_00420807_003_01.h5": {
        "sea_level_func": {
            "gt1l": [
                -8.428977083508434,
                445.71762747682135,
                -5924.22176225152
            ],
            "gt2l": [
                -13.490511154692081,
                713.1939995260694,
                -9457.867798932117
            ],
            "gt3l": [
                -15.522965904689386,
                820.792551783347,
                -10881.913352537953
            ]
        }
    },
    "processed_ATL03_20201014093935_03090901_003_01.h5": {
        "sea_level_func": {
            "gt1l": [
                -11.30528180553498,
                597.0497897014365,
                -7914.389126158648
            ],
            "gt2l": [
                -6.582813969007117,
                347.6776199115105,
                -4622.420412616001
            ],
            "gt3l": [
                -6.754065623391955,
                356.9885291342248,
                -4748.938155173917
            ]
        }
    }
}