{
    "processed_ATL03_20181103171930_05510107_004_01.h5": {
        "sea_level_func": {
            "gt2r": [
                11.683610048037716,
                -218.4067786725615,
                1077.9576836501744
            ],
            "gt3r": [
                -6.379614279077512,
                120.84244102086316,
                -514.5650548111455
            ]
        }
    },
    "processed_ATL03_20190104142312_01090207_004_01.h5": {
        "sea_level_func": {
            "gt2l": [
                -261.38745855712176,
                4991.9315428443115,
                -23771.297933145146
            ],
            "gt3l": [
                -101.23159580704902,
                1935.0240645768324,
                -9183.853657469981
            ]
        }
    },
    "processed_ATL03_20190109020908_01780201_004_01.h5": {
        "sea_level_func": {
            "gt1l": [
                -321.658479414346,
                6255.994688718792,
                -30357.443871408606
            ],
            "gt2l": [
                323.00716602673083,
                -6265.191520997315,
                30440.63356986237
            ],
            "gt3l": [
                -111.78568215310854,
                2173.092552914267,
                -10501.702557997318
            ]
        }
    },
    "processed_ATL03_20190202125924_05510207_004_01.h5": {
        "sea_level_func": {
            "gt3l": [
                -8.794438693937304,
                163.25883706629182,
                -701.155231349373
            ]
        }
    },
    "processed_ATL03_20190311231301_11230201_004_01.h5": {
        "sea_level_func": {
            "gt2l": [
                1699.7624277977557,
                -32023.668442174498,
                150895.73177595355
            ],
            "gt3l": [
                22.488460553331652,
                -421.18522548297886,
                2035.8162835764688
            ]
        }
    },
    "processed_ATL03_20190405100304_01090307_004_01.h5": {
        "sea_level_func": {
            "gt1l": [
                -105.84642794969074,
                2024.076500152761,
                -9612.928217447052
            ],
            "gt2l": [
                -58.35210287800183,
                1115.6732286280717,
                -5268.936864785352
            ],
            "gt3l": [
                -82.47748179451429,
                1575.1935054866315,
                -7456.740720300838
            ]
        }
    },
    "processed_ATL03_20190409214901_01780301_004_01.h5": {
        "sea_level_func": {
            "gt1l": [
                -23.67944539911373,
                457.71639217754864,
                -2150.592245194639
            ],
            "gt2l": [
                -19.53796915316757,
                378.04008518749276,
                -1768.2280911558962
            ],
            "gt3l": [
                -9.779227280299295,
                190.54812331727055,
                -868.6287418744697
            ]
        }
    },
    "processed_ATL03_20190610185237_11230301_004_01.h5": {
        "sea_level_func": {
            "gt2l": [
                -164.59934172038683,
                3115.5230468554073,
                -14678.382923012603
            ],
            "gt3l": [
                -128.11613248733346,
                2432.6897135706013,
                -11483.779489854309
            ]
        }
    },
    "processed_ATL03_20190807160440_06200401_004_01.h5": {
        "sea_level_func": {
            "gt1l": [
                675.0334691779069,
                -12830.899652201331,
                61027.7875099464
            ],
            "gt2l": [
                2.015287955684567,
                19.685178925910026,
                192.28332519531253
            ]
        }
    },
    "processed_ATL03_20190909143226_11230401_004_01.h5": {
        "sea_level_func": {
            "gt2r": [
                252312417.23248884,
                -4782046005.580867,
                22658381264.915848
            ],
            "gt3r": [
                -405.13922011276134,
                7694.452294168893,
                -36469.242182059774
            ]
        }
    },
    "processed_ATL03_20191004012235_01090507_004_01.h5": {
        "sea_level_func": {
            "gt1r": [
                354683.5143907499,
                -6758323.912136807,
                32194217.06356582
            ],
            "gt2r": [
                62894.052261522214,
                -1196790.4763596,
                5693398.0784641085
            ]
        }
    },
    "processed_ATL03_20191008130832_01780501_004_01.h5": {
        "sea_level_func": {
            "gt1r": [
                -22.24969164991877,
                429.685163951204,
                -2013.43897684967
            ],
            "gt2r": [
                -16.18141956577168,
                313.38045895559634,
                -1456.9966581278147
            ],
            "gt3r": [
                -10.0755858040153,
                195.8132192987055,
                -891.8987059126584
            ]
        }
    },
    "processed_ATL03_20191106114434_06200501_004_01.h5": {
        "sea_level_func": {
            "gt1r": [
                -3.6474995034436235,
                71.52477510534479,
                -292.96096961682645
            ],
            "gt2r": [
                28.127443631699276,
                -548.308902749271,
                2729.0876201068154
            ]
        }
    },
    "processed_ATL03_20191209101215_11230501_004_01.h5": {
        "sea_level_func": {
            "gt2r": [
                -226.75548927932266,
                4290.6034214146775,
                -20232.276293880772
            ],
            "gt3r": [
                -218.85547306952392,
                4155.016917830474,
                -19656.67853384903
            ]
        }
    },
    "processed_ATL03_20200102210219_01090607_004_01.h5": {
        "sea_level_func": {
            "gt1r": [
                -399.76135187916526,
                7629.693551474791,
                -36341.48154572971
            ],
            "gt2r": [
                -77.00727106642057,
                1472.0987843494793,
                -6972.036382195252
            ],
            "gt3r": [
                -104.38794558507023,
                1993.1502469408988,
                -9450.659874281198
            ]
        }
    },
    "processed_ATL03_20200107084816_01780601_004_01.h5": {
        "sea_level_func": {
            "gt1r": [
                3.3396582053633814,
                -55.64811604913241,
                287.4133145618846
            ],
            "gt2r": [
                0.8683782320144297,
                -10.45357449321335,
                80.34436678942845
            ],
            "gt3r": [
                -2.898299430114334,
                59.30758658661732,
                -242.99215570274825
            ]
        }
    },
    "processed_ATL03_20200131193823_05510607_004_01.h5": {
        "sea_level_func": {
            "gt1r": [
                -5.037819512720137,
                94.97908557602322,
                -390.4107936643187
            ],
            "gt2r": [
                -8.280910962285793,
                157.51147319254727,
                -691.1477754568424
            ],
            "gt3r": [
                -11.883693732093802,
                227.03548727558166,
                -1025.7555235297223
            ]
        }
    },
    "processed_ATL03_20200309055201_11230601_004_01.h5": {
        "sea_level_func": {
            "gt2r": [
                164.6283672476812,
                -3111.7172680623594,
                14767.63387958472
            ],
            "gt3r": [
                -106.75513524853832,
                2029.3021646317288,
                -9579.878506867937
            ]
        }
    },