{
    "processed_ATL03_20190111094917_02130207_003_01.h5": {
        "sea_level_func": {
            "gt1l": [
                2374.5678443562538,
                -100149.87916522629,
                1055997.7269858066
            ],
            "gt2l": [
                -1229.7068149154693,
                51849.47332195245,
                -546529.6326794411
            ],
            "gt3l": [
                -260.0591651321429,
                10960.410374789599,
                -115467.12727065648
            ]
        }
    }
}