{
    "processed_ATL03_20181210123712_11130108_003_01.h5": {
        "sea_level_func": {
            "gt1r": [
                -569.7430555647828,
                -21331.251271051355,
                -199609.19001820165
            ],
            "gt2r": [
                -190.86130941017686,
                -7125.696414956406,
                -66456.29888288498
            ],
            "gt3r": [
                25.53868207360897,
                956.1495983288092,
                9001.36213664949
            ]
        }
    },
    "processed_ATL03_20190311081711_11130208_003_01.h5": {
        "sea_level_func": {
            "gt1l": [
                68.41161947175426,
                2561.8035003750642,
                24035.403392016815
            ],
            "gt2l": [
                34.65094331560328,
                1294.1974214057454,
                12136.960800601326
            ],
            "gt3l": [
                -10.406187255718244,
                -389.61948305558496,
                -3594.38291960475
            ]
        }
    },
    "processed_ATL03_20190314201443_11660214_003_01.h5": {
        "sea_level_func": {
            "gt1l": [
                -110.89271110119722,
                -4135.200235425639,
                -38498.50190087377
            ]
        }
    },
    "processed_ATL03_20190610035647_11130308_003_01.h5": {
        "sea_level_func": {
            "gt1l": [
                -417.30095837581285,
                -15617.2012556834,
                -146063.64878612274
            ],
            "gt2l": [
                -66.55056129747003,
                -2486.3979543747464,
                -23171.518450384065
            ],
            "gt3l": [
                -1357.8488928926972,
                -50643.74249771106,
                -472163.29511596414
            ]
        }
    },
    "processed_ATL03_20200308145611_11130608_003_01.h5": {
        "sea_level_func": {
            "gt1r": [
                -167.64627222556626,
                -6253.503035279738,
                -58264.30939644779
            ]
        }
    }
}